parameter,value,case,P50
d,0.01,reference,0.6050060671375365
d,0.01,sustained,0.7774823281422947
d,0.01,declining,0.6426780629013026
d,0.0104,reference,0.5929039327637274
d,0.0104,sustained,0.7712620051889253
d,0.0104,declining,0.6326674258316144
d,0.0108,reference,0.58103913479747
d,0.0108,sustained,0.7650904610186099
d,0.0108,declining,0.622809523009912
d,0.0112,reference,0.569407111965812
d,0.0112,sustained,0.7589673208623156
d,0.0112,declining,0.6131020728703516
d,0.011600000000000001,reference,0.5580033888652213
d,0.011600000000000001,sustained,0.7528922127708304
d,0.011600000000000001,declining,0.6035428272019406
d,0.012,reference,0.5468235743788145
d,0.012,sustained,0.746864767594008
d,0.012,declining,0.594129570671564
d,0.0124,reference,0.5358633601220891
d,0.0124,sustained,0.7408846189601366
d,0.0124,declining,0.5848601203536407
d,0.0128,reference,0.5251185189167378
d,0.0128,sustained,0.7349514032554757
d,0.0128,declining,0.5757323252663813
d,0.0132,reference,0.5145849032920108
d,0.0132,sustained,0.7290647596039352
d,0.0132,declining,0.5667440659145387
d,0.013600000000000001,reference,0.5042584440131213
d,0.013600000000000001,sustained,0.7232243298468894
d,0.013600000000000001,declining,0.5578932538385291
d,0.014,reference,0.49413514863627767
d,0.014,sustained,0.7174297585231583
d,0.014,declining,0.549177831169904
d,0.0144,reference,0.48421110008979895
d,0.0144,sustained,0.7116806928491105
d,0.0144,declining,0.5405957701930125
d,0.0148,reference,0.47448245528090544
d,0.0148,sustained,0.7059767826989233
d,0.0148,declining,0.5321450729128261
d,0.0152,reference,0.46494544372772034
d,0.0152,sustained,0.7003176805849881
d,0.0152,declining,0.5238237706288215
d,0.015600000000000001,reference,0.45559636621600136
d,0.015600000000000001,sustained,0.694703041638444
d,0.015600000000000001,declining,0.5156299235148153
d,0.016,reference,0.4464315934802139
d,0.016,sustained,0.6891325235898584
d,0.016,declining,0.5075616202047121
d,0.0164,reference,0.43744756490849485
d,0.0164,sustained,0.6836057867500577
d,0.0164,declining,0.49961697738406224
d,0.016800000000000002,reference,0.4286407872710534
d,0.016800000000000002,sustained,0.6781224939910726
d,0.016800000000000002,declining,0.4917941393873284
d,0.0172,reference,0.4200078334716614
d,0.0172,sustained,0.6726823107272484
d,0.0172,declining,0.48409127780084
d,0.0176,reference,0.4115453413217429
d,0.0176,sustained,0.6672849048964656
d,0.0176,declining,0.4765065910712886
d,0.018000000000000002,reference,0.40325001233673236
d,0.018000000000000002,sustained,0.6619299469415161
d,0.018000000000000002,declining,0.46903830411974484
d,0.0184,reference,0.39511861055427044
d,0.0184,sustained,0.656617109791609
d,0.0184,declining,0.46168466796109475
d,0.0188,reference,0.38714796137384055
d,0.0188,sustained,0.6513460688439965
d,0.0188,declining,0.45444395932880866
d,0.019200000000000002,reference,0.3793349504175076
d,0.019200000000000002,sustained,0.6461165019457578
d,0.019200000000000002,declining,0.4473144803050174
d,0.0196,reference,0.37167652241132837
d,0.0196,sustained,0.6409280893756881
d,0.0196,declining,0.44029455795575034
d,0.02,reference,0.3641696800871167
d,0.02,sustained,0.6357805138263346
d,0.02,declining,0.43338254397134285
d,0.0204,reference,0.356811483104179
d,0.0204,sustained,0.6306734603861665
d,0.0204,declining,0.4265768143118827
d,0.0208,reference,0.3495990469906443
d,0.0208,sustained,0.6256066165218506
d,0.0208,declining,0.41987576885764955
d,0.021200000000000004,reference,0.3425295421040947
d,0.021200000000000004,sustained,0.6205796720606885
d,0.021200000000000004,declining,0.4132778310644892
d,0.0216,reference,0.33560019261108603
d,0.0216,sustained,0.6155923191731464
d,0.0216,declining,0.40678144762402363
d,0.022,reference,0.3288082754852806
d,0.022,sustained,0.6106442523555359
d,0.022,declining,0.40038508812866463
d,0.0224,reference,0.3221511195238301
d,0.0224,sustained,0.6057351684128147
d,0.0224,declining,0.39408724474134843
d,0.0228,reference,0.31562610438167504
d,0.0228,sustained,0.6008647664415
d,0.0228,declining,0.38788643186991245
d,0.0232,reference,0.3092306596234788
d,0.0232,sustained,0.5960327478127252
d,0.0232,declining,0.3817811858460861
d,0.023600000000000003,reference,0.30296226379283425
d,0.023600000000000003,sustained,0.5912388161553992
d,0.023600000000000003,declining,0.37577006460899365
d,0.024,reference,0.2968184434984737
d,0.024,sustained,0.5864826773394992
d,0.024,declining,0.3698516473931292
d,0.024399999999999998,reference,0.2907967725171665
d,0.024399999999999998,sustained,0.5817640394594903
d,0.024399999999999998,declining,0.3640245344207498
d,0.024800000000000003,reference,0.28489487091298255
d,0.024800000000000003,sustained,0.5770826128178438
d,0.024800000000000003,declining,0.35828734659858624
d,0.0252,reference,0.279110404172678
d,0.0252,sustained,0.5724381099087027
d,0.0252,declining,0.3526387252188701
d,0.0256,reference,0.2734410823568597
d,0.0256,sustained,0.567830245401637
d,0.0256,declining,0.3470773316645582
d,0.026000000000000002,reference,0.2678846592666944
d,0.026000000000000002,sustained,0.5632587361255397
d,0.026000000000000002,declining,0.3416018471187415
d,0.0264,reference,0.2624389316258569
d,0.0264,sustained,0.5587233010526311
d,0.0264,declining,0.33621097227816277
d,0.026799999999999997,reference,0.25710173827744
d,0.026799999999999997,sustained,0.5542236612825714
d,0.026799999999999997,declining,0.3309034270707746
d,0.027200000000000002,reference,0.25187095939559434
d,0.027200000000000002,sustained,0.5497595400267057
d,0.027200000000000002,declining,0.32567795037731073
d,0.0276,reference,0.24674451571158038
d,0.0276,sustained,0.5453306625924021
d,0.0276,declining,0.32053329975678485
d,0.028000000000000004,reference,0.24172036775402547
d,0.028000000000000004,sustained,0.5409367563675208
d,0.028000000000000004,declining,0.3154682511758822
d,0.0284,reference,0.23679651510310457
d,0.0284,sustained,0.5365775508049926
d,0.0284,declining,0.3104815987421928
d,0.0288,reference,0.2319709956583876
d,0.0288,sustained,0.5322527774074963
d,0.0288,declining,0.30557215444120295
d,0.029199999999999997,reference,0.22724188492014055
d,0.029199999999999997,sustained,0.5279621697122695
d,0.029199999999999997,declining,0.3007387478770415
d,0.0296,reference,0.22260729528379844
d,0.0296,sustained,0.5237054632760042
d,0.0296,declining,0.2959802260168779
d,0.03,reference,0.21806537534740741
d,0.03,sustained,0.5194823956598735
d,0.03,declining,0.29129545293896164
d,0.030400000000000003,reference,0.21361430923178884
d,0.030400000000000003,sustained,0.5152927064146596
d,0.030400000000000003,declining,0.2866833095842331
d,0.0308,reference,0.2092523159131861
d,0.0308,sustained,0.5111361370659796
d,0.0308,declining,0.28214269351145066
d,0.0312,reference,0.20497764856819747
d,0.0312,sustained,0.50701243109964
d,0.0312,declining,0.2776725186558119
d,0.0316,reference,0.20078859393074147
d,0.0316,sustained,0.5029213339470745
d,0.0316,declining,0.27327171509098264
d,0.032,reference,0.1966834716608659
d,0.032,sustained,0.4988625929709016
d,0.032,declining,0.2689392287945214
d,0.032400000000000005,reference,0.19266063372517445
d,0.032400000000000005,sustained,0.49483595745059006
d,0.032400000000000005,declining,0.2646740214166373
d,0.0328,reference,0.18871846378865373
d,0.0328,sustained,0.49084117856821147
d,0.0328,declining,0.260475070052221
d,0.0332,reference,0.18485537661772036
d,0.0332,sustained,0.48687800939431614
d,0.0332,declining,0.25634136701613924
d,0.0336,reference,0.18106981749425402
d,0.0336,sustained,0.4829462048738984
d,0.0336,declining,0.2522719196217032
d,0.034,reference,0.17736026164044594
d,0.034,sustained,0.4790455218124659
d,0.034,declining,0.24826574996230855
d,0.0344,reference,0.17372521365425592
d,0.0344,sustained,0.4751757188622211
d,0.0344,declining,0.2443218946961733
d,0.0348,reference,0.17016320695527787
d,0.0348,sustained,0.4713365565083245
d,0.0348,declining,0.24043940483414167
d,0.0352,reference,0.16667280324084513
d,0.0352,sustained,0.46752779705527275
d,0.0352,declining,0.23661734553051245
d,0.0356,reference,0.1632525919521795
d,0.0356,sustained,0.4637492046133731
d,0.0356,declining,0.2328547958768521
d,0.036000000000000004,reference,0.15990118975039477
d,0.036000000000000004,sustained,0.46000054508530797
d,0.036000000000000004,declining,0.229150848698735
d,0.0364,reference,0.15661724000219993
d,0.0364,sustained,0.4562815861528115
d,0.0364,declining,0.2255046103553964
d,0.0368,reference,0.15339941227509793
d,0.0368,sustained,0.4525920972634256
d,0.0368,declining,0.22191520054222905
d,0.037200000000000004,reference,0.15024640184193278
d,0.037200000000000004,sustained,0.4489318496173694
d,0.037200000000000004,declining,0.2183817520961081
d,0.0376,reference,0.14715692919460466
d,0.0376,sustained,0.4453006161544947
d,0.0376,declining,0.2149034108034921
d,0.038000000000000006,reference,0.14412973956677969
d,0.038000000000000006,sustained,0.44169817154133384
d,0.038000000000000006,declining,0.21147933521125717
d,0.0384,reference,0.14116360246545342
d,0.0384,sustained,0.4381242921582554
d,0.0384,declining,0.20810869644024504
d,0.0388,reference,0.1382573112111812
d,0.0388,sustained,0.4345787560866948
d,0.0388,declining,0.20479067800146092
d,0.0392,reference,0.13540968248683904
d,0.0392,sustained,0.43106134309649324
d,0.0392,declining,0.20152447561490872
d,0.0396,reference,0.13261955589475338
d,0.0396,sustained,0.4275718346333236
d,0.0396,declining,0.19830929703101463
d,0.04,reference,0.12988579352203836
d,0.04,sustained,0.42411001380620295
d,0.04,declining,0.1951443618545968
d,0.0404,reference,0.12720727951401284
d,0.0404,sustained,0.4206756653751075
d,0.0404,declining,0.1920289013713646
d,0.0408,reference,0.12458291965552593
d,0.0408,sustained,0.41726857573866377
d,0.0408,declining,0.18896215837689123
d,0.0412,reference,0.12201164096006753
d,0.0412,sustained,0.41388853292194067
d,0.0412,declining,0.1859433870080378
d,0.041600000000000005,reference,0.11949239126651405
d,0.041600000000000005,sustained,0.41053532656432945
d,0.041600000000000005,declining,0.1829718525767976
d,0.042,reference,0.11702413884336386
d,0.042,sustained,0.4072087479075011
d,0.042,declining,0.1800468314065063
d,0.04240000000000001,reference,0.11460587200034351
d,0.04240000000000001,sustained,0.40390858978347
d,0.04240000000000001,declining,0.1771676106704158
d,0.042800000000000005,reference,0.11223659870723048
d,0.042800000000000005,sustained,0.4006346466027247
d,0.042800000000000005,declining,0.17433348823256745
d,0.0432,reference,0.10991534621977779
d,0.0432,sustained,0.39738671434246065
d,0.0432,declining,0.17154377249095498
d,0.0436,reference,0.10764116071260403
d,0.0436,sustained,0.3941645905348941
d,0.0436,declining,0.16879778222293912
d,0.044000000000000004,reference,0.10541310691891588
d,0.044000000000000004,sustained,0.39096807425565444
d,0.044000000000000004,declining,0.16609484643286923
d,0.0444,reference,0.10323026777695522
d,0.0444,sustained,0.3877969661122755
d,0.0444,declining,0.16343430420190586
d,0.0448,reference,0.10109174408302776
d,0.0448,sustained,0.38465106823275313
d,0.0448,declining,0.16081550453998839
d,0.045200000000000004,reference,0.09899665415101021
d,0.045200000000000004,sustained,0.38153018425420393
d,0.045200000000000004,declining,0.1582378062399338
d,0.0456,reference,0.096944133478211
d,0.0456,sustained,0.3784341193115942
d,0.0456,declining,0.15570057773363408
d,0.046000000000000006,reference,0.09493333441746228
d,0.046000000000000006,sustained,0.37536268002655626
d,0.046000000000000006,declining,0.1532031969503128
d,0.046400000000000004,reference,0.09296342585534523
d,0.046400000000000004,sustained,0.37231567449628833
d,0.046400000000000004,declining,0.15074505117682804
d,0.0468,reference,0.0910335928964177
d,0.0468,sustained,0.3692929122825283
d,0.0468,declining,0.14832553691997669
d,0.047200000000000006,reference,0.08914303655335033
d,0.047200000000000006,sustained,0.36629420440061783
d,0.047200000000000006,declining,0.14594405977078512
d,0.0476,reference,0.08729097344285612
d,0.0476,sustained,0.3633193633086392
d,0.0476,declining,0.14360003427075294
d,0.04800000000000001,reference,0.08547663548730323
d,0.04800000000000001,sustained,0.3603682028966319
d,0.04800000000000001,declining,0.14129288378001584
d,0.0484,reference,0.08369926962191951
d,0.0484,sustained,0.35744053847589435
d,0.0484,declining,0.13902204034741641
d,0.0488,reference,0.08195813750747076
d,0.0488,sustained,0.3545361867683558
d,0.0488,declining,0.13678694458243812
d,0.0492,reference,0.08025251524832629
d,0.0492,sustained,0.3516549658960294
d,0.0492,declining,0.13458704552898934
d,0.0496,reference,0.07858169311580684
d,0.0496,sustained,0.34879669537054725
d,0.0496,declining,0.13242180054100852
d,0.05,reference,0.07694497527671314
d,0.05,sustained,0.3459611960827609
d,0.05,declining,0.13029067515985568
r,0.0,reference,0.21806537534740741
r,0.0,sustained,0.20716210658003684
r,0.0,declining,0.20716210658003684
r,0.01,reference,0.21806537534740741
r,0.01,sustained,0.20974053395181047
r,0.01,declining,0.20811045934448402
r,0.02,reference,0.21806537534740741
r,0.02,sustained,0.21235040386070528
r,0.02,declining,0.20906302306169888
r,0.03,reference,0.21806537534740741
r,0.03,sustained,0.2149920918132268
r,0.03,declining,0.2100198158591954
r,0.04,reference,0.21806537534740741
r,0.04,sustained,0.21766597770589638
r,0.04,declining,0.21098085594010701
r,0.05,reference,0.21806537534740741
r,0.05,sustained,0.2203724458754685
r,0.05,declining,0.21194616158349255
r,0.06,reference,0.21806537534740741
r,0.06,sustained,0.22311188514971356
r,0.06,declining,0.21291575114464248
r,0.07,reference,0.21806537534740741
r,0.07,sustained,0.2258846888987655
r,0.07,declining,0.21388964305538613
r,0.08,reference,0.21806537534740741
r,0.08,sustained,0.2286912550870439
r,0.08,declining,0.21486785582440235
r,0.09,reference,0.21806537534740741
r,0.09,sustained,0.23153198632575878
r,0.09,declining,0.21585040803752847
r,0.1,reference,0.21806537534740741
r,0.1,sustained,0.2344072899260004
r,0.1,declining,0.21683731835807343
r,0.11,reference,0.21806537534740741
r,0.11,sustained,0.23731757795242162
r,0.11,declining,0.2178286055271279
r,0.12,reference,0.21806537534740741
r,0.12,sustained,0.2402632672775219
r,0.12,declining,0.21882428836388135
r,0.13,reference,0.21806537534740741
r,0.13,sustained,0.24324477963653662
r,0.13,declining,0.21982438576593483
r,0.14,reference,0.21806537534740741
r,0.14,sustained,0.24626254168293937
r,0.14,declining,0.22082891670961896
r,0.15,reference,0.21806537534740741
r,0.15,sustained,0.2493169850445635
r,0.15,declining,0.22183790025031105
r,0.16,reference,0.21806537534740741
r,0.16,sustained,0.25240854638034943
r,0.16,declining,0.22285135552275326
r,0.17,reference,0.21806537534740741
r,0.17,sustained,0.25553766743772793
r,0.17,declining,0.22386930174137493
r,0.18,reference,0.21806537534740741
r,0.18,sustained,0.25870479511063965
r,0.18,declining,0.22489175820061114
r,0.19,reference,0.21806537534740741
r,0.19,sustained,0.2619103814982045
r,0.19,declining,0.22591874427522754
r,0.2,reference,0.21806537534740741
r,0.2,sustained,0.2651548839640434
r,0.2,declining,0.22695027942064366
r,0.21,reference,0.21806537534740741
r,0.21,sustained,0.2684387651962633
r,0.21,declining,0.22798638317325762
r,0.22,reference,0.21806537534740741
r,0.22,sustained,0.27176249326810664
r,0.22,declining,0.22902707515077333
r,0.23,reference,0.21806537534740741
r,0.23,sustained,0.2751265416992832
r,0.23,declining,0.23007237505252792
r,0.24,reference,0.21806537534740741
r,0.24,sustained,0.27853138951797696
r,0.24,declining,0.23112230265982067
r,0.25,reference,0.21806537534740741
r,0.25,sustained,0.28197752132355
r,0.25,declining,0.23217687783624283
r,0.26,reference,0.21806537534740741
r,0.26,sustained,0.2854654273499422
r,0.26,declining,0.23323612052801085
r,0.27,reference,0.21806537534740741
r,0.27,sustained,0.28899560352977405
r,0.27,declining,0.23430005076429714
r,0.28,reference,0.21806537534740741
r,0.28,sustained,0.29256855155916733
r,0.28,declining,0.2353686886575662
r,0.29,reference,0.21806537534740741
r,0.29,sustained,0.2961847789632835
r,0.29,declining,0.2364420544039085
r,0.3,reference,0.21806537534740741
r,0.3,sustained,0.29984479916259166
r,0.3,declining,0.23752016828337827
r,0.31,reference,0.21806537534740741
r,0.31,sustained,0.30354913153987517
r,0.31,declining,0.2386030506603316
r,0.32,reference,0.21806537534740741
r,0.32,sustained,0.3072983015079801
r,0.32,declining,0.2396907219837647
r,0.33,reference,0.21806537534740741
r,0.33,sustained,0.31109284057831854
r,0.33,declining,0.24078320278765653
r,0.34,reference,0.21806537534740741
r,0.34,sustained,0.3149332864301334
r,0.34,declining,0.24188051369130942
r,0.35,reference,0.21806537534740741
r,0.35,sustained,0.3188201829805308
r,0.35,declining,0.24298267539969287
r,0.36,reference,0.21806537534740741
r,0.36,sustained,0.3227540804552913
r,0.36,declining,0.24408970870378868
r,0.37,reference,0.21806537534740741
r,0.37,sustained,0.32673553546046835
r,0.37,declining,0.2452016344809365
r,0.38,reference,0.21806537534740741
r,0.38,sustained,0.3307651110547787
r,0.38,declining,0.24631847369518126
r,0.39,reference,0.21806537534740741
r,0.39,sustained,0.3348433768227981
r,0.39,declining,0.24744024739762305
r,0.4,reference,0.21806537534740741
r,0.4,sustained,0.33897090894896925
r,0.4,declining,0.2485669767267657
r,0.41,reference,0.21806537534740741
r,0.41,sustained,0.3431482902924301
r,0.41,declining,0.2496986829088689
r,0.42,reference,0.21806537534740741
r,0.42,sustained,0.34737611046267014
r,0.42,declining,0.2508353872583022
r,0.43,reference,0.21806537534740741
r,0.43,sustained,0.3516549658960294
r,0.43,declining,0.25197711117789706
r,0.44,reference,0.21806537534740741
r,0.44,sustained,0.3559854599330401
r,0.44,declining,0.25312387615930454
r,0.45,reference,0.21806537534740741
r,0.45,sustained,0.36036820289663185
r,0.45,declining,0.2542757037833509
r,0.46,reference,0.21806537534740741
r,0.46,sustained,0.36480381217119495
r,0.46,declining,0.25543261572039705
r,0.47,reference,0.21806537534740741
r,0.47,sustained,0.36929291228252775
r,0.47,declining,0.2565946337306982
r,0.48,reference,0.21806537534740741
r,0.48,sustained,0.37383613497866397
r,0.48,declining,0.25776177966476377
r,0.49,reference,0.21806537534740741
r,0.49,sustained,0.3784341193115937
r,0.49,declining,0.2589340754637218
r,0.5,reference,0.21806537534740741
r,0.5,sustained,0.3830875117198957
r,0.5,declining,0.26011154315968177
r,0.51,reference,0.21806537534740741
r,0.51,sustained,0.387796966112275
r,0.51,declining,0.26129420487610105
r,0.52,reference,0.21806537534740741
r,0.52,sustained,0.39256314395203196
r,0.52,declining,0.2624820828281502
r,0.53,reference,0.21806537534740741
r,0.53,sustained,0.39738671434246026
r,0.53,declining,0.26367519932308275
r,0.54,reference,0.21806537534740741
r,0.54,sustained,0.4022683541131935
r,0.54,declining,0.26487357676060436
r,0.55,reference,0.21806537534740741
r,0.55,sustained,0.40720874790750117
r,0.55,declining,0.2660772376332439
r,0.56,reference,0.21806537534740741
r,0.56,sustained,0.41220858827055445
r,0.56,declining,0.2672862045267262
r,0.57,reference,0.21806537534740741
r,0.57,sustained,0.4172685757386627
r,0.57,declining,0.2685005001203457
r,0.58,reference,0.21806537534740741
r,0.58,sustained,0.42238941892950005
r,0.58,declining,0.26972014718734294
r,0.59,reference,0.21806537534740741
r,0.59,sustained,0.427571834633323
r,0.59,declining,0.27094516859527945
r,0.6,reference,0.21806537534740741
r,0.6,sustained,0.43281654790519963
r,0.6,declining,0.2721755873064194
r,0.61,reference,0.21806537534740741
r,0.61,sustained,0.4381242921582549
r,0.61,declining,0.27341142637810617
r,0.62,reference,0.21806537534740741
r,0.62,sustained,0.4434958092579448
r,0.62,declining,0.27465270896314636
r,0.63,reference,0.21806537534740741
r,0.63,sustained,0.44893184961736904
r,0.63,declining,0.2758994583101898
r,0.64,reference,0.21806537534740741
r,0.64,sustained,0.4544331722936407
r,0.64,declining,0.27715169776411724
r,0.65,reference,0.21806537534740741
r,0.65,sustained,0.4600005450853081
r,0.65,declining,0.27840945076642337
r,0.66,reference,0.21806537534740741
r,0.66,sustained,0.4656347446308629
r,0.66,declining,0.2796727408556065
r,0.67,reference,0.21806537534740741
r,0.67,sustained,0.47133655650832373
r,0.67,declining,0.2809415916675542
r,0.68,reference,0.21806537534740741
r,0.68,sustained,0.4771067753359225
r,0.68,declining,0.2822160269359374
r,0.69,reference,0.21806537534740741
r,0.69,sustained,0.4829462048738976
r,0.69,declining,0.28349607049259945
r,0.7,reference,0.21806537534740741
r,0.7,sustained,0.4888556581274097
r,0.7,declining,0.2847817462679508
r,0.71,reference,0.21806537534740741
r,0.71,sustained,0.4948359574505895
r,0.71,declining,0.28607307829136275
r,0.72,reference,0.21806537534740741
r,0.72,sustained,0.5008879346517302
r,0.72,declining,0.28737009069156616
r,0.73,reference,0.21806537534740741
r,0.73,sustained,0.5070124310996396
r,0.73,declining,0.2886728076970466
r,0.74,reference,0.21806537534740741
r,0.74,sustained,0.5132102978311602
r,0.74,declining,0.28998125363644556
r,0.75,reference,0.21806537534740741
r,0.75,sustained,0.5194823956598735
r,0.75,declining,0.29129545293896164
r,0.76,reference,0.21806537534740741
r,0.76,sustained,0.5258295952859982
r,0.76,declining,0.29261543013475155
r,0.77,reference,0.21806537534740741
r,0.77,sustained,0.5322527774074971
r,0.77,declining,0.29394120985533684
r,0.78,reference,0.21806537534740741
r,0.78,sustained,0.5387528328324075
r,0.78,declining,0.2952728168340066
r,0.79,reference,0.21806537534740741
r,0.79,sustained,0.545330662592401
r,0.79,declining,0.29661027590622774
r,0.8,reference,0.21806537534740741
r,0.8,sustained,0.551987178057597
r,0.8,declining,0.2979536120100514
r,0.81,reference,0.21806537534740741
r,0.81,sustained,0.558723301052631
r,0.81,declining,0.29930285018652497
r,0.82,reference,0.21806537534740741
r,0.82,sustained,0.5655399639740005
r,0.82,declining,0.3006580155801038
r,0.83,reference,0.21806537534740741
r,0.83,sustained,0.5724381099087024
r,0.83,declining,0.302019133439065
r,0.84,reference,0.21806537534740741
r,0.84,sustained,0.5794186927541641
r,0.84,declining,0.3033862291159215
r,0.85,reference,0.21806537534740741
r,0.85,sustained,0.5864826773394991
r,0.85,declining,0.3047593280678409
r,0.86,reference,0.21806537534740741
r,0.86,sustained,0.593631039548087
r,0.86,declining,0.3061384558570622
r,0.87,reference,0.21806537534740741
r,0.87,sustained,0.6008647664415004
r,0.87,declining,0.30752363815131667
r,0.88,reference,0.21806537534740741
r,0.88,sustained,0.6081848563847906
r,0.88,declining,0.30891490072425065
r,0.89,reference,0.21806537534740741
r,0.89,sustained,0.6155923191731458
r,0.89,declining,0.31031226945584595
r,0.9,reference,0.21806537534740741
r,0.9,sustained,0.6230881761599361
r,0.9,declining,0.31171577033284853
r,0.91,reference,0.21806537534740741
r,0.91,sustained,0.6306734603861657
r,0.91,declining,0.3131254294491922
r,0.92,reference,0.21806537534740741
r,0.92,sustained,0.6383492167113385
r,0.92,declining,0.31454127300642815
r,0.93,reference,0.21806537534740741
r,0.93,sustained,0.6461165019457575
r,0.93,declining,0.31596332731415516
r,0.94,reference,0.21806537534740741
r,0.94,sustained,0.6539763849842786
r,0.94,declining,0.3173916187904507
r,0.95,reference,0.21806537534740741
r,0.95,sustained,0.6619299469415162
r,0.95,declining,0.3188261739623046
r,0.96,reference,0.21806537534740741
r,0.96,sustained,0.6699782812885431
r,0.96,declining,0.32026701946605324
r,0.97,reference,0.21806537534740741
r,0.97,sustained,0.6781224939910728
r,0.97,declining,0.32171418204781704
r,0.98,reference,0.21806537534740741
r,0.98,sustained,0.6863637036491641
r,0.98,declining,0.32316768856393824
r,0.99,reference,0.21806537534740741
r,0.99,sustained,0.6947030416384428
r,0.99,declining,0.324627565981422
r,1.0,reference,0.21806537534740741
r,1.0,sustained,0.703141652252878
r,1.0,declining,0.3260938413783762
p,0.0,reference,0.21806537534740741
p,0.0,sustained,0.5468235743788141
p,0.0,declining,0.306626792567328
p,0.0015,reference,0.21806537534740741
p,0.0015,sustained,0.5460033390172463
p,0.0015,declining,0.30616685237847713
p,0.003,reference,0.21806537534740741
p,0.003,sustained,0.5451831036556779
p,0.003,declining,0.3057069121896257
p,0.0045,reference,0.21806537534740741
p,0.0045,sustained,0.5443628682941096
p,0.0045,declining,0.3052469720007752
p,0.006,reference,0.21806537534740741
p,0.006,sustained,0.5435426329325411
p,0.006,declining,0.304787031811924
p,0.0075,reference,0.21806537534740741
p,0.0075,sustained,0.5427223975709732
p,0.0075,declining,0.30432709162307336
p,0.009,reference,0.21806537534740741
p,0.009,sustained,0.5419021622094049
p,0.009,declining,0.30386715143422216
p,0.0105,reference,0.21806537534740741
p,0.0105,sustained,0.5410819268478366
p,0.0105,declining,0.3034072112453713
p,0.012,reference,0.21806537534740741
p,0.012,sustained,0.5402616914862683
p,0.012,declining,0.30294727105652014
p,0.013499999999999998,reference,0.21806537534740741
p,0.013499999999999998,sustained,0.5394414561247006
p,0.013499999999999998,declining,0.3024873308676691
p,0.015,reference,0.21806537534740741
p,0.015,sustained,0.5386212207631322
p,0.015,declining,0.30202739067881806
p,0.0165,reference,0.21806537534740741
p,0.0165,sustained,0.5378009854015637
p,0.0165,declining,0.301567450489967
p,0.018,reference,0.21806537534740741
p,0.018,sustained,0.5369807500399955
p,0.018,declining,0.301107510301116
p,0.0195,reference,0.21806537534740741
p,0.0195,sustained,0.5361605146784273
p,0.0195,declining,0.3006475701122651
p,0.021,reference,0.21806537534740741
p,0.021,sustained,0.5353402793168593
p,0.021,declining,0.3001876299234142
p,0.0225,reference,0.21806537534740741
p,0.0225,sustained,0.5345200439552912
p,0.0225,declining,0.299727689734563
p,0.024,reference,0.21806537534740741
p,0.024,sustained,0.5336998085937227
p,0.024,declining,0.2992677495457122
p,0.0255,reference,0.21806537534740741
p,0.0255,sustained,0.5328795732321542
p,0.0255,declining,0.2988078093568611
p,0.026999999999999996,reference,0.21806537534740741
p,0.026999999999999996,sustained,0.5320593378705865
p,0.026999999999999996,declining,0.29834786916801026
p,0.0285,reference,0.21806537534740741
p,0.0285,sustained,0.5312391025090182
p,0.0285,declining,0.29788792897915917
p,0.03,reference,0.21806537534740741
p,0.03,sustained,0.5304188671474498
p,0.03,declining,0.29742798879030824
p,0.0315,reference,0.21806537534740741
p,0.0315,sustained,0.5295986317858816
p,0.0315,declining,0.29696804860145726
p,0.033,reference,0.21806537534740741
p,0.033,sustained,0.5287783964243137
p,0.033,declining,0.2965081084126063
p,0.034499999999999996,reference,0.21806537534740741
p,0.034499999999999996,sustained,0.5279581610627453
p,0.034499999999999996,declining,0.2960481682237552
p,0.036,reference,0.21806537534740741
p,0.036,sustained,0.527137925701177
p,0.036,declining,0.295588228034904
p,0.0375,reference,0.21806537534740741
p,0.0375,sustained,0.5263176903396088
p,0.0375,declining,0.2951282878460532
p,0.039,reference,0.21806537534740741
p,0.039,sustained,0.5254974549780408
p,0.039,declining,0.2946683476572021
p,0.0405,reference,0.21806537534740741
p,0.0405,sustained,0.5246772196164724
p,0.0405,declining,0.294208407468351
p,0.042,reference,0.21806537534740741
p,0.042,sustained,0.5238569842549041
p,0.042,declining,0.2937484672795003
p,0.0435,reference,0.21806537534740741
p,0.0435,sustained,0.5230367488933358
p,0.0435,declining,0.29328852709064934
p,0.045,reference,0.21806537534740741
p,0.045,sustained,0.5222165135317675
p,0.045,declining,0.29282858690179814
p,0.04649999999999999,reference,0.21806537534740741
p,0.04649999999999999,sustained,0.5213962781701992
p,0.04649999999999999,declining,0.2923686467129473
p,0.048,reference,0.21806537534740741
p,0.048,sustained,0.5205760428086315
p,0.048,declining,0.2919087065240964
p,0.0495,reference,0.21806537534740741
p,0.0495,sustained,0.5197558074470627
p,0.0495,declining,0.29144876633524525
p,0.051,reference,0.21806537534740741
p,0.051,sustained,0.5189355720854948
p,0.051,declining,0.2909888261463944
p,0.0525,reference,0.21806537534740741
p,0.0525,sustained,0.5181153367239263
p,0.0525,declining,0.29052888595754317
p,0.05399999999999999,reference,0.21806537534740741
p,0.05399999999999999,sustained,0.5172951013623583
p,0.05399999999999999,declining,0.29006894576869235
p,0.0555,reference,0.21806537534740741
p,0.0555,sustained,0.51647486600079
p,0.0555,declining,0.28960900557984126
p,0.057,reference,0.21806537534740741
p,0.057,sustained,0.5156546306392221
p,0.057,declining,0.28914906539099045
p,0.058499999999999996,reference,0.21806537534740741
p,0.058499999999999996,sustained,0.5148343952776534
p,0.058499999999999996,declining,0.28868912520213946
p,0.06,reference,0.21806537534740741
p,0.06,sustained,0.5140141599160856
p,0.06,declining,0.28822918501328826
p,0.06149999999999999,reference,0.21806537534740741
p,0.06149999999999999,sustained,0.5131939245545171
p,0.06149999999999999,declining,0.2877692448244374
p,0.063,reference,0.21806537534740741
p,0.063,sustained,0.5123736891929489
p,0.063,declining,0.28730930463558635
p,0.0645,reference,0.21806537534740741
p,0.0645,sustained,0.5115534538313806
p,0.0645,declining,0.2868493644467352
p,0.066,reference,0.21806537534740741
p,0.066,sustained,0.5107332184698125
p,0.066,declining,0.28638942425788444
p,0.0675,reference,0.21806537534740741
p,0.0675,sustained,0.5099129831082443
p,0.0675,declining,0.2859294840690334
p,0.06899999999999999,reference,0.21806537534740741
p,0.06899999999999999,sustained,0.509092747746676
p,0.06899999999999999,declining,0.28546954388018253
p,0.0705,reference,0.21806537534740741
p,0.0705,sustained,0.508272512385108
p,0.0705,declining,0.28500960369133144
p,0.072,reference,0.21806537534740741
p,0.072,sustained,0.5074522770235397
p,0.072,declining,0.2845496635024804
p,0.0735,reference,0.21806537534740741
p,0.0735,sustained,0.5066320416619713
p,0.0735,declining,0.2840897233136295
p,0.075,reference,0.21806537534740741
p,0.075,sustained,0.5058118063004031
p,0.075,declining,0.28362978312477866
p,0.0765,reference,0.21806537534740741
p,0.0765,sustained,0.5049915709388348
p,0.0765,declining,0.28316984293592723
p,0.078,reference,0.21806537534740741
p,0.078,sustained,0.5041713355772667
p,0.078,declining,0.28270990274707664
p,0.07949999999999999,reference,0.21806537534740741
p,0.07949999999999999,sustained,0.5033511002156985
p,0.07949999999999999,declining,0.2822499625582254
p,0.081,reference,0.21806537534740741
p,0.081,sustained,0.5025308648541306
p,0.081,declining,0.2817900223693745
p,0.0825,reference,0.21806537534740741
p,0.0825,sustained,0.501710629492562
p,0.0825,declining,0.2813300821805235
p,0.084,reference,0.21806537534740741
p,0.084,sustained,0.5008903941309939
p,0.084,declining,0.2808701419916725
p,0.08549999999999999,reference,0.21806537534740741
p,0.08549999999999999,sustained,0.5000701587694256
p,0.08549999999999999,declining,0.2804102018028215
p,0.087,reference,0.21806537534740741
p,0.087,sustained,0.4992499234078575
p,0.087,declining,0.2799502616139705
p,0.0885,reference,0.21806537534740741
p,0.0885,sustained,0.49842968804628907
p,0.0885,declining,0.2794903214251197
p,0.09,reference,0.21806537534740741
p,0.09,sustained,0.4976094526847208
p,0.09,declining,0.2790303812362685
p,0.0915,reference,0.21806537534740741
p,0.0915,sustained,0.4967892173231526
p,0.0915,declining,0.27857044104741774
p,0.09299999999999999,reference,0.21806537534740741
p,0.09299999999999999,sustained,0.49596898196158445
p,0.09299999999999999,declining,0.2781105008585668
p,0.09449999999999999,reference,0.21806537534740741
p,0.09449999999999999,sustained,0.495148746600016
p,0.09449999999999999,declining,0.27765056066971566
p,0.096,reference,0.21806537534740741
p,0.096,sustained,0.4943285112384483
p,0.096,declining,0.27719062048086457
p,0.0975,reference,0.21806537534740741
p,0.0975,sustained,0.49350827587688006
p,0.0975,declining,0.27673068029201353
p,0.099,reference,0.21806537534740741
p,0.099,sustained,0.4926880405153117
p,0.099,declining,0.27627074010316255
p,0.10049999999999999,reference,0.21806537534740741
p,0.10049999999999999,sustained,0.4918678051537438
p,0.10049999999999999,declining,0.2758107999143116
p,0.102,reference,0.21806537534740741
p,0.102,sustained,0.4910475697921754
p,0.102,declining,0.2753508597254607
p,0.1035,reference,0.21806537534740741
p,0.1035,sustained,0.4902273344306068
p,0.1035,declining,0.27489091953660955
p,0.105,reference,0.21806537534740741
p,0.105,sustained,0.4894070990690389
p,0.105,declining,0.2744309793477585
p,0.1065,reference,0.21806537534740741
p,0.1065,sustained,0.4885868637074703
p,0.1065,declining,0.2739710391589075
p,0.10799999999999998,reference,0.21806537534740741
p,0.10799999999999998,sustained,0.4877666283459027
p,0.10799999999999998,declining,0.27351109897005654
p,0.10949999999999999,reference,0.21806537534740741
p,0.10949999999999999,sustained,0.4869463929843345
p,0.10949999999999999,declining,0.27305115878120567
p,0.111,reference,0.21806537534740741
p,0.111,sustained,0.4861261576227659
p,0.111,declining,0.2725912185923546
p,0.1125,reference,0.21806537534740741
p,0.1125,sustained,0.4853059222611976
p,0.1125,declining,0.2721312784035035
p,0.114,reference,0.21806537534740741
p,0.114,sustained,0.48448568689962945
p,0.114,declining,0.2716713382146525
p,0.11549999999999999,reference,0.21806537534740741
p,0.11549999999999999,sustained,0.4836654515380614
p,0.11549999999999999,declining,0.27121139802580146
p,0.11699999999999999,reference,0.21806537534740741
p,0.11699999999999999,sustained,0.482845216176493
p,0.11699999999999999,declining,0.27075145783695076
p,0.1185,reference,0.21806537534740741
p,0.1185,sustained,0.4820249808149246
p,0.1185,declining,0.27029151764809944
p,0.12,reference,0.21806537534740741
p,0.12,sustained,0.48120474545335645
p,0.12,declining,0.26983157745924885
p,0.1215,reference,0.21806537534740741
p,0.1215,sustained,0.4803845100917884
p,0.1215,declining,0.2693716372703977
p,0.12299999999999998,reference,0.21806537534740741
p,0.12299999999999998,sustained,0.4795642747302199
p,0.12299999999999998,declining,0.26891169708154655
p,0.1245,reference,0.21806537534740741
p,0.1245,sustained,0.47874403936865195
p,0.1245,declining,0.26845175689269557
p,0.126,reference,0.21806537534740741
p,0.126,sustained,0.47792380400708373
p,0.126,declining,0.26799181670384464
p,0.1275,reference,0.21806537534740741
p,0.1275,sustained,0.47710356864551573
p,0.1275,declining,0.2675318765149934
p,0.129,reference,0.21806537534740741
p,0.129,sustained,0.47628333328394723
p,0.129,declining,0.2670719363261426
p,0.13049999999999998,reference,0.21806537534740741
p,0.13049999999999998,sustained,0.475463097922379
p,0.13049999999999998,declining,0.2666119961372917
p,0.132,reference,0.21806537534740741
p,0.132,sustained,0.47464286256081056
p,0.132,declining,0.26615205594844077
p,0.1335,reference,0.21806537534740741
p,0.1335,sustained,0.47382262719924256
p,0.1335,declining,0.2656921157595899
p,0.135,reference,0.21806537534740741
p,0.135,sustained,0.4730023918376744
p,0.135,declining,0.2652321755707388
p,0.1365,reference,0.21806537534740741
p,0.1365,sustained,0.4721821564761062
p,0.1365,declining,0.2647722353818879
p,0.13799999999999998,reference,0.21806537534740741
p,0.13799999999999998,sustained,0.47136192111453784
p,0.13799999999999998,declining,0.26431229519303684
p,0.13949999999999999,reference,0.21806537534740741
p,0.13949999999999999,sustained,0.47054168575296956
p,0.13949999999999999,declining,0.2638523550041857
p,0.141,reference,0.21806537534740741
p,0.141,sustained,0.4697214503914014
p,0.141,declining,0.2633924148153348
p,0.1425,reference,0.21806537534740741
p,0.1425,sustained,0.4689012150298333
p,0.1425,declining,0.2629324746264837
p,0.144,reference,0.21806537534740741
p,0.144,sustained,0.46808097966826506
p,0.144,declining,0.2624725344376329
p,0.1455,reference,0.21806537534740741
p,0.1455,sustained,0.4672607443066968
p,0.1455,declining,0.2620125942487818
p,0.147,reference,0.21806537534740741
p,0.147,sustained,0.4664405089451286
p,0.147,declining,0.2615526540599309
p,0.1485,reference,0.21806537534740741
p,0.1485,sustained,0.4656202735835603
p,0.1485,declining,0.2610927138710797
p,0.15,reference,0.21806537534740741
p,0.15,sustained,0.46480003822199223
p,0.15,declining,0.26063277368222876
h0,0.0,reference,0.21806537534740741
h0,0.0,sustained,0.20716210658003684
h0,0.0,declining,0.20716210658003684
h0,0.01,reference,0.21806537534740741
h0,0.01,sustained,0.20957846494591795
h0,0.01,declining,0.20805106411663646
h0,0.02,reference,0.21806537534740741
h0,0.02,sustained,0.21202243781564717
h0,0.02,declining,0.20894372169170064
h0,0.03,reference,0.21806537534740741
h0,0.03,sustained,0.21449433425941883
h0,0.03,declining,0.20984009423600825
h0,0.04,reference,0.21806537534740741
h0,0.04,sustained,0.21699446673378214
h0,0.04,declining,0.2107401967387235
h0,0.05,reference,0.21806537534740741
h0,0.05,sustained,0.21952315111794632
h0,0.05,declining,0.21164404424761551
h0,0.06,reference,0.21806537534740741
h0,0.06,sustained,0.2220807067504658
h0,0.06,declining,0.21255165186928274
h0,0.07,reference,0.21806537534740741
h0,0.07,sustained,0.22466745646631162
h0,0.07,declining,0.21346303476937242
h0,0.08,reference,0.21806537534740741
h0,0.08,sustained,0.22728372663432908
h0,0.08,declining,0.21437820817280726
h0,0.09,reference,0.21806537534740741
h0,0.09,sustained,0.22992984719508952
h0,0.09,declining,0.21529718736400785
h0,0.1,reference,0.21806537534740741
h0,0.1,sustained,0.23260615169913731
h0,0.1,declining,0.21621998768711875
h0,0.11,reference,0.21806537534740741
h0,0.11,sustained,0.23531297734564044
h0,0.11,declining,0.21714662454623399
h0,0.12,reference,0.21806537534740741
h0,0.12,sustained,0.23805066502144093
h0,0.12,declining,0.21807711340562438
h0,0.13,reference,0.21806537534740741
h0,0.13,sustained,0.24081955934051844
h0,0.13,declining,0.21901146978996525
h0,0.14,reference,0.21806537534740741
h0,0.14,sustained,0.24362000868386463
h0,0.14,declining,0.21994970928456445
h0,0.15,reference,0.21806537534740741
h0,0.15,sustained,0.24645236523977515
h0,0.15,declining,0.22089184753559213
h0,0.16,reference,0.21806537534740741
h0,0.16,sustained,0.2493169850445635
h0,0.16,declining,0.22183790025031105
h0,0.17,reference,0.21806537534740741
h0,0.17,sustained,0.25221422802369986
h0,0.17,declining,0.2227878831973067
h0,0.18,reference,0.21806537534740741
h0,0.18,sustained,0.2551444580333824
h0,0.18,declining,0.22374181220672107
h0,0.19,reference,0.21806537534740741
h0,0.19,sustained,0.2581080429025391
h0,0.19,declining,0.2246997031704835
h0,0.2,reference,0.21806537534740741
h0,0.2,sustained,0.26110535447527267
h0,0.2,declining,0.22566157204254464
h0,0.21,reference,0.21806537534740741
h0,0.21,sustained,0.26413676865374625
h0,0.21,declining,0.22662743483911235
h0,0.22,reference,0.21806537534740741
h0,0.22,sustained,0.2672026654415187
h0,0.22,declining,0.22759730763888467
h0,0.23,reference,0.21806537534740741
h0,0.23,sustained,0.27030342898733134
h0,0.23,declining,0.2285712065832886
h0,0.24,reference,0.21806537534740741
h0,0.24,sustained,0.2734394476293531
h0,0.24,declining,0.22954914787671452
h0,0.25,reference,0.21806537534740741
h0,0.25,sustained,0.2766111139398857
h0,0.25,declining,0.23053114778675599
h0,0.26,reference,0.21806537534740741
h0,0.26,sustained,0.2798188247705377
h0,0.26,declining,0.23151722264444785
h0,0.27,reference,0.21806537534740741
h0,0.27,sustained,0.28306298129786883
h0,0.27,declining,0.2325073888445057
h0,0.28,reference,0.21806537534740741
h0,0.28,sustained,0.28634398906950925
h0,0.28,declining,0.23350166284556667
h0,0.29,reference,0.21806537534740741
h0,0.29,sustained,0.28966225805076184
h0,0.29,declining,0.23450006117043073
h0,0.3,reference,0.21806537534740741
h0,0.3,sustained,0.29301820267169004
h0,0.3,declining,0.23550260040630316
h0,0.31,reference,0.21806537534740741
h0,0.31,sustained,0.2964122418746952
h0,0.31,declining,0.23650929720503708
h0,0.32,reference,0.21806537534740741
h0,0.32,sustained,0.29984479916259166
h0,0.32,declining,0.23752016828337827
h0,0.33,reference,0.21806537534740741
h0,0.33,sustained,0.30331630264718046
h0,0.33,declining,0.23853523042321004
h0,0.34,reference,0.21806537534740741
h0,0.34,sustained,0.3068271850983319
h0,0.34,declining,0.2395545004717986
h0,0.35,reference,0.21806537534740741
h0,0.35,sustained,0.3103778839935769
h0,0.35,declining,0.24057799534204002
h0,0.36,reference,0.21806537534740741
h0,0.36,sustained,0.3139688415682165
h0,0.36,declining,0.24160573201270766
h0,0.37,reference,0.21806537534740741
h0,0.37,sustained,0.3176005048659506
h0,0.37,declining,0.24263772752870183
h0,0.38,reference,0.21806537534740741
h0,0.38,sustained,0.32127332579003715
h0,0.38,declining,0.24367399900129674
h0,0.39,reference,0.21806537534740741
h0,0.39,sustained,0.3249877611549802
h0,0.39,declining,0.24471456360839422
h0,0.4,reference,0.21806537534740741
h0,0.4,sustained,0.3287442727387589
h0,0.4,declining,0.24575943859477237
h0,0.41,reference,0.21806537534740741
h0,0.41,sustained,0.332543327335596
h0,0.41,declining,0.24680864127233884
h0,0.42,reference,0.21806537534740741
h0,0.42,sustained,0.3363853968092782
h0,0.42,declining,0.24786218902038354
h0,0.43,reference,0.21806537534740741
h0,0.43,sustained,0.34027095814703007
h0,0.43,declining,0.2489200992858336
h0,0.44,reference,0.21806537534740741
h0,0.44,sustained,0.3442004935139465
h0,0.44,declining,0.2499823895835066
h0,0.45,reference,0.21806537534740741
h0,0.45,sustained,0.3481744903079928
h0,0.45,declining,0.2510490774963682
h0,0.46,reference,0.21806537534740741
h0,0.46,sustained,0.3521934412155738
h0,0.46,declining,0.2521201806757882
h0,0.47,reference,0.21806537534740741
h0,0.47,sustained,0.3562578442676825
h0,0.47,declining,0.25319571684179826
h0,0.48,reference,0.21806537534740741
h0,0.48,sustained,0.36036820289663185
h0,0.48,declining,0.2542757037833509
h0,0.49,reference,0.21806537534740741
h0,0.49,sustained,0.36452502599337083
h0,0.49,declining,0.25536015935857903
h0,0.5,reference,0.21806537534740741
h0,0.5,sustained,0.3687288279654026
h0,0.5,declining,0.2564491014950553
h0,0.51,reference,0.21806537534740741
h0,0.51,sustained,0.3729801287952984
h0,0.51,declining,0.25754254819005756
h0,0.52,reference,0.21806537534740741
h0,0.52,sustained,0.3772794540998196
h0,0.52,declining,0.25864051751082595
h0,0.53,reference,0.21806537534740741
h0,0.53,sustained,0.3816273351896546
h0,0.53,declining,0.25974302759483053
h0,0.54,reference,0.21806537534740741
h0,0.54,sustained,0.3860243091297731
h0,0.54,declining,0.2608500966500343
h0,0.55,reference,0.21806537534740741
h0,0.55,sustained,0.39047091880040674
h0,0.55,declining,0.26196174295515734
h0,0.56,reference,0.21806537534740741
h0,0.56,sustained,0.3949677129586646
h0,0.56,declining,0.26307798485994577
h0,0.57,reference,0.21806537534740741
h0,0.57,sustained,0.39951524630078017
h0,0.57,declining,0.2641988407854367
h0,0.58,reference,0.21806537534740741
h0,0.58,sustained,0.4041140795250113
h0,0.58,declining,0.2653243292242284
h0,0.59,reference,0.21806537534740741
h0,0.59,sustained,0.4087647793951869
h0,0.59,declining,0.26645446874074785
h0,0.6,reference,0.21806537534740741
h0,0.6,sustained,0.4134679188049118
h0,0.6,declining,0.267589277971522
h0,0.61,reference,0.21806537534740741
h0,0.61,sustained,0.4182240768424389
h0,0.61,declining,0.26872877562544906
h0,0.62,reference,0.21806537534740741
h0,0.62,sustained,0.42303383885620965
h0,0.62,declining,0.2698729804840709
h0,0.63,reference,0.21806537534740741
h0,0.63,sustained,0.4278977965210747
h0,0.63,declining,0.2710219114018448
h0,0.64,reference,0.21806537534740741
h0,0.64,sustained,0.43281654790519963
h0,0.64,declining,0.2721755873064194
h0,0.65,reference,0.21806537534740741
h0,0.65,sustained,0.4377906975376619
h0,0.65,declining,0.2733340271989094
h0,0.66,reference,0.21806537534740741
h0,0.66,sustained,0.44282085647674696
h0,0.66,declining,0.2744972501541713
h0,0.67,reference,0.21806537534740741
h0,0.67,sustained,0.44790764237895137
h0,0.67,declining,0.2756652753210816
h0,0.68,reference,0.21806537534740741
h0,0.68,sustained,0.4530516795686968
h0,0.68,declining,0.2768381219228131
h0,0.69,reference,0.21806537534740741
h0,0.69,sustained,0.45825359910876845
h0,0.69,declining,0.2780158092571164
h0,0.7,reference,0.21806537534740741
h0,0.7,sustained,0.4635140388714762
h0,0.7,declining,0.27919835669659904
h0,0.71,reference,0.21806537534740741
h0,0.71,sustained,0.4688336436105553
h0,0.71,declining,0.28038578368900685
h0,0.72,reference,0.21806537534740741
h0,0.72,sustained,0.47421306503380745
h0,0.72,declining,0.2815781097575068
h0,0.73,reference,0.21806537534740741
h0,0.73,sustained,0.47965296187649037
h0,0.73,declining,0.28277535450096875
h0,0.74,reference,0.21806537534740741
h0,0.74,sustained,0.485153999975469
h0,0.74,declining,0.28397753759425165
h0,0.75,reference,0.21806537534740741
h0,0.75,sustained,0.4907168523441276
h0,0.75,declining,0.2851846787884887
h0,0.76,reference,0.21806537534740741
h0,0.76,sustained,0.49634219924805706
h0,0.76,declining,0.2863967979113723
h0,0.77,reference,0.21806537534740741
h0,0.77,sustained,0.5020307282815235
h0,0.77,declining,0.28761391486744275
h0,0.78,reference,0.21806537534740741
h0,0.78,sustained,0.5077831344447219
h0,0.78,declining,0.28883604963837683
h0,0.79,reference,0.21806537534740741
h0,0.79,sustained,0.5136001202218321
h0,0.79,declining,0.2900632222832768
h0,0.8,reference,0.21806537534740741
h0,0.8,sustained,0.5194823956598735
h0,0.8,declining,0.29129545293896164
h0,0.81,reference,0.21806537534740741
h0,0.81,sustained,0.5254306784483752
h0,0.81,declining,0.2925327618202582
h0,0.82,reference,0.21806537534740741
h0,0.82,sustained,0.5314456939998672
h0,0.82,declining,0.29377516922029334
h0,0.83,reference,0.21806537534740741
h0,0.83,sustained,0.5375281755312002
h0,0.83,declining,0.29502269551078997
h0,0.84,reference,0.21806537534740741
h0,0.84,sustained,0.5436788641457041
h0,0.84,declining,0.2962753611423593
h0,0.85,reference,0.21806537534740741
h0,0.85,sustained,0.549898508916187
h0,0.85,declining,0.2975331866447983
h0,0.86,reference,0.21806537534740741
h0,0.86,sustained,0.5561878669687975
h0,0.86,declining,0.2987961926273862
h0,0.87,reference,0.21806537534740741
h0,0.87,sustained,0.5625477035677422
h0,0.87,declining,0.3000643997791828
h0,0.88,reference,0.21806537534740741
h0,0.88,sustained,0.5689787922008801
h0,0.88,declining,0.3013378288693276
h0,0.89,reference,0.21806537534740741
h0,0.89,sustained,0.5754819146661917
h0,0.89,declining,0.3026165007473398
h0,0.9,reference,0.21806537534740741
h0,0.9,sustained,0.5820578611591455
h0,0.9,declining,0.3039004363434202
h0,0.91,reference,0.21806537534740741
h0,0.91,sustained,0.588707430360955
h0,0.91,declining,0.30518965666875264
h0,0.92,reference,0.21806537534740741
h0,0.92,sustained,0.5954314295277472
h0,0.92,declining,0.3064841828158089
h0,0.93,reference,0.21806537534740741
h0,0.93,sustained,0.6022306745806459
h0,0.93,declining,0.3077840359586529
h0,0.94,reference,0.21806537534740741
h0,0.94,sustained,0.6091059901967827
h0,0.94,declining,0.3090892373532449
h0,0.95,reference,0.21806537534740741
h0,0.95,sustained,0.6160582099012388
h0,0.95,declining,0.31039980833775066
h0,0.96,reference,0.21806537534740741
h0,0.96,sustained,0.6230881761599361
h0,0.96,declining,0.31171577033284853
h0,0.97,reference,0.21806537534740741
h0,0.97,sustained,0.630196740473478
h0,0.97,declining,0.31303714484203743
h0,0.98,reference,0.21806537534740741
h0,0.98,sustained,0.6373847634719543
h0,0.98,declining,0.3143639534519495
h0,0.99,reference,0.21806537534740741
h0,0.99,sustained,0.6446531150107241
h0,0.99,declining,0.31569621783265817
h0,1.0,reference,0.21806537534740741
h0,1.0,sustained,0.652002674267172
h0,1.0,declining,0.3170339597379944
E,0.0,reference,0.21806537534740741
E,0.0,sustained,0.20716210658003684
E,0.0,declining,0.20716210658003684
E,0.01,reference,0.21806537534740741
E,0.01,sustained,0.20909299394348627
E,0.01,declining,0.2078729770829994
E,0.02,reference,0.21806537534740741
E,0.02,sustained,0.2110415152222674
E,0.02,declining,0.2085862137027947
E,0.03,reference,0.21806537534740741
E,0.03,sustained,0.2130078281429467
E,0.03,declining,0.20930182407503153
E,0.04,reference,0.21806537534740741
E,0.04,sustained,0.2149920918132268
E,0.04,declining,0.2100198158591954
E,0.05,reference,0.21806537534740741
E,0.05,sustained,0.21699446673378214
E,0.05,declining,0.2107401967387235
E,0.06,reference,0.21806537534740741
E,0.06,sustained,0.219015114810191
E,0.06,declining,0.21146297442107523
E,0.07,reference,0.21806537534740741
E,0.07,sustained,0.22105419936497128
E,0.07,declining,0.21218815663780694
E,0.08,reference,0.21806537534740741
E,0.08,sustained,0.22311188514971356
E,0.08,declining,0.21291575114464248
E,0.09,reference,0.21806537534740741
E,0.09,sustained,0.22518833835731727
E,0.09,declining,0.21364576572154867
E,0.1,reference,0.21806537534740741
E,0.1,sustained,0.2272837266343292
E,0.1,declining,0.21437820817280726
E,0.11,reference,0.21806537534740741
E,0.11,sustained,0.22939821909338565
E,0.11,declining,0.21511308632708925
E,0.12,reference,0.21806537534740741
E,0.12,sustained,0.23153198632575878
E,0.12,declining,0.21585040803752847
E,0.13,reference,0.21806537534740741
E,0.13,sustained,0.23368520041400703
E,0.13,declining,0.21659018118179543
E,0.14,reference,0.21806537534740741
E,0.14,sustained,0.23585803494473156
E,0.14,declining,0.21733241366217187
E,0.15,reference,0.21806537534740741
E,0.15,sustained,0.23805066502144093
E,0.15,declining,0.21807711340562438
E,0.16,reference,0.21806537534740741
E,0.16,sustained,0.2402632672775219
E,0.16,declining,0.21882428836388135
E,0.17,reference,0.21806537534740741
E,0.17,sustained,0.24249601988931876
E,0.17,declining,0.219573946513505
E,0.18,reference,0.21806537534740741
E,0.18,sustained,0.24474910258932328
E,0.18,declining,0.2203260958559684
E,0.19,reference,0.21806537534740741
E,0.19,sustained,0.24702269667947332
E,0.19,declining,0.22108074441773046
E,0.2,reference,0.21806537534740741
E,0.2,sustained,0.2493169850445635
E,0.2,declining,0.22183790025031105
E,0.21,reference,0.21806537534740741
E,0.21,sustained,0.2516321521657672
E,0.21,declining,0.22259757143036685
E,0.22,reference,0.21806537534740741
E,0.22,sustained,0.2539683841342739
E,0.22,declining,0.22335976605976854
E,0.23,reference,0.21806537534740741
E,0.23,sustained,0.2563258686650372
E,0.23,declining,0.2241244922656748
E,0.24,reference,0.21806537534740741
E,0.24,sustained,0.25870479511063965
E,0.24,declining,0.22489175820061114
E,0.25,reference,0.21806537534740741
E,0.25,sustained,0.26110535447527267
E,0.25,declining,0.22566157204254464
E,0.26,reference,0.21806537534740741
E,0.26,sustained,0.263527739428833
E,0.26,declining,0.22643394199496258
E,0.27,reference,0.21806537534740741
E,0.27,sustained,0.2659721443211398
E,0.27,declining,0.2272088762869479
E,0.28,reference,0.21806537534740741
E,0.28,sustained,0.2684387651962633
E,0.28,declining,0.22798638317325762
E,0.29,reference,0.21806537534740741
E,0.29,sustained,0.2709277998069819
E,0.29,declining,0.2287664709344006
E,0.3,reference,0.21806537534740741
E,0.3,sustained,0.2734394476293531
E,0.3,declining,0.22954914787671452
E,0.31,reference,0.21806537534740741
E,0.31,sustained,0.2759739098774098
E,0.31,declining,0.23033442233244425
E,0.32,reference,0.21806537534740741
E,0.32,sustained,0.27853138951797696
E,0.32,declining,0.23112230265982067
E,0.33,reference,0.21806537534740741
E,0.33,sustained,0.2811120912856123
E,0.33,declining,0.2319127972431379
E,0.34,reference,0.21806537534740741
E,0.34,sustained,0.2837162216976739
E,0.34,declining,0.23270591449283365
E,0.35,reference,0.21806537534740741
E,0.35,sustained,0.28634398906950925
E,0.35,declining,0.23350166284556667
E,0.36,reference,0.21806537534740741
E,0.36,sustained,0.28899560352977405
E,0.36,declining,0.23430005076429714
E,0.37,reference,0.21806537534740741
E,0.37,sustained,0.29167127703587786
E,0.37,declining,0.23510108673836527
E,0.38,reference,0.21806537534740741
E,0.38,sustained,0.2943712233895584
E,0.38,declining,0.23590477928357165
E,0.39,reference,0.21806537534740741
E,0.39,sustained,0.2970956582525848
E,0.39,declining,0.2367111369422561
E,0.4,reference,0.21806537534740741
E,0.4,sustained,0.29984479916259166
E,0.4,declining,0.23752016828337827
E,0.41,reference,0.21806537534740741
E,0.41,sustained,0.30261886554904815
E,0.41,declining,0.23833188190259932
E,0.42,reference,0.21806537534740741
E,0.42,sustained,0.30541807874935456
E,0.42,declining,0.23914628642236027
E,0.43,reference,0.21806537534740741
E,0.43,sustained,0.308242662025078
E,0.43,declining,0.23996339049196375
E,0.44,reference,0.21806537534740741
E,0.44,sustained,0.31109284057831854
E,0.44,declining,0.24078320278765653
E,0.45,reference,0.21806537534740741
E,0.45,sustained,0.3139688415682165
E,0.45,declining,0.24160573201270766
E,0.46,reference,0.21806537534740741
E,0.46,sustained,0.31687089412759273
E,0.46,declining,0.24243098689749332
E,0.47,reference,0.21806537534740741
E,0.47,sustained,0.3197992293797296
E,0.47,declining,0.24325897619957623
E,0.48,reference,0.21806537534740741
E,0.48,sustained,0.3227540804552913
E,0.48,declining,0.24408970870378868
E,0.49,reference,0.21806537534740741
E,0.49,sustained,0.3257356825093844
E,0.49,declining,0.24492319322231473
E,0.5,reference,0.21806537534740741
E,0.5,sustained,0.3287442727387589
E,0.5,declining,0.24575943859477237
E,0.51,reference,0.21806537534740741
E,0.51,sustained,0.33178009039915646
E,0.51,declining,0.24659845368829708
E,0.52,reference,0.21806537534740741
E,0.52,sustained,0.3348433768227981
E,0.52,declining,0.24744024739762305
E,0.53,reference,0.21806537534740741
E,0.53,sustained,0.33793437543601845
E,0.53,declining,0.24828482864516874
E,0.54,reference,0.21806537534740741
E,0.54,sustained,0.34105333177704905
E,0.54,declining,0.2491322063811183
E,0.55,reference,0.21806537534740741
E,0.55,sustained,0.3442004935139466
E,0.55,declining,0.2499823895835066
E,0.56,reference,0.21806537534740741
E,0.56,sustained,0.34737611046267014
E,0.56,declining,0.2508353872583022
E,0.57,reference,0.21806537534740741
E,0.57,sustained,0.3505804346053102
E,0.57,declining,0.25169120843949233
E,0.58,reference,0.21806537534740741
E,0.58,sustained,0.35381372010846746
E,0.58,declining,0.2525498621891666
E,0.59,reference,0.21806537534740741
E,0.59,sustained,0.3570762233417845
E,0.59,declining,0.25341135759760297
E,0.6,reference,0.21806537534740741
E,0.6,sustained,0.36036820289663185
E,0.6,declining,0.2542757037833509
E,0.61,reference,0.21806537534740741
E,0.61,sustained,0.363689919604948
E,0.61,declining,0.2551429098933177
E,0.62,reference,0.21806537534740741
E,0.62,sustained,0.3670416365582376
E,0.62,declining,0.2560129851028535
E,0.63,reference,0.21806537534740741
E,0.63,sustained,0.3704236191267241
E,0.63,declining,0.2568859386158379
E,0.64,reference,0.21806537534740741
E,0.64,sustained,0.37383613497866397
E,0.64,declining,0.25776177966476377
E,0.65,reference,0.21806537534740741
E,0.65,sustained,0.3772794540998196
E,0.65,declining,0.25864051751082595
E,0.66,reference,0.21806537534740741
E,0.66,sustained,0.3807538488130954
E,0.66,declining,0.2595221614440061
E,0.67,reference,0.21806537534740741
E,0.67,sustained,0.3842595937983335
E,0.67,declining,0.26040672078315896
E,0.68,reference,0.21806537534740741
E,0.68,sustained,0.387796966112275
E,0.68,declining,0.26129420487610105
E,0.69,reference,0.21806537534740741
E,0.69,sustained,0.39136624520868885
E,0.69,declining,0.2621846230996969
E,0.7,reference,0.21806537534740741
E,0.7,sustained,0.39496771295866456
E,0.7,declining,0.26307798485994577
E,0.71,reference,0.21806537534740741
E,0.71,sustained,0.39860165367107153
E,0.71,declining,0.26397429959207025
E,0.72,reference,0.21806537534740741
E,0.72,sustained,0.4022683541131935
E,0.72,declining,0.26487357676060436
E,0.73,reference,0.21806537534740741
E,0.73,sustained,0.40596810353152746
E,0.73,declining,0.2657758258594812
E,0.74,reference,0.21806537534740741
E,0.74,sustained,0.40970119367275987
E,0.74,declining,0.26668105641212136
E,0.75,reference,0.21806537534740741
E,0.75,sustained,0.41346791880491185
E,0.75,declining,0.267589277971522
E,0.76,reference,0.21806537534740741
E,0.76,sustained,0.4172685757386628
E,0.76,declining,0.2685005001203457
E,0.77,reference,0.21806537534740741
E,0.77,sustained,0.42110346384884967
E,0.77,declining,0.2694147324710098
E,0.78,reference,0.21806537534740741
E,0.78,sustained,0.42497288509614073
E,0.78,declining,0.2703319846657762
E,0.79,reference,0.21806537534740741
E,0.79,sustained,0.42887714404889643
E,0.79,declining,0.27125226637683936
E,0.8,reference,0.21806537534740741
E,0.8,sustained,0.43281654790519963
E,0.8,declining,0.2721755873064194
E,0.81,reference,0.21806537534740741
E,0.81,sustained,0.43679140651507997
E,0.81,declining,0.2731019571868492
E,0.82,reference,0.21806537534740741
E,0.82,sustained,0.4408020324029112
E,0.82,declining,0.2740313857806673
E,0.83,reference,0.21806537534740741
E,0.83,sustained,0.4448487407900026
E,0.83,declining,0.2749638828807072
E,0.84,reference,0.21806537534740741
E,0.84,sustained,0.44893184961736904
E,0.84,declining,0.2758994583101898
E,0.85,reference,0.21806537534740741
E,0.85,sustained,0.4530516795686968
E,0.85,declining,0.2768381219228131
E,0.86,reference,0.21806537534740741
E,0.86,sustained,0.45720855409349176
E,0.86,declining,0.27777988360284506
E,0.87,reference,0.21806537534740741
E,0.87,sustained,0.4614027994304242
E,0.87,declining,0.2787247532652151
E,0.88,reference,0.21806537534740741
E,0.88,sustained,0.4656347446308629
E,0.88,declining,0.2796727408556065
E,0.89,reference,0.21806537534740741
E,0.89,sustained,0.4699047215826064
E,0.89,declining,0.2806238563505479
E,0.9,reference,0.21806537534740741
E,0.9,sustained,0.47421306503380745
E,0.9,declining,0.2815781097575068
E,0.91,reference,0.21806537534740741
E,0.91,sustained,0.4785601126170948
E,0.91,declining,0.2825355111149827
E,0.92,reference,0.21806537534740741
E,0.92,sustained,0.4829462048738977
E,0.92,declining,0.28349607049259945
E,0.93,reference,0.21806537534740741
E,0.93,sustained,0.4873716852789659
E,0.93,declining,0.2844597979911994
E,0.94,reference,0.21806537534740741
E,0.94,sustained,0.49183690026509586
E,0.94,declining,0.2854267037429368
E,0.95,reference,0.21806537534740741
E,0.95,sustained,0.49634219924805706
E,0.95,declining,0.2863967979113723
E,0.96,reference,0.21806537534740741
E,0.96,sustained,0.5008879346517302
E,0.96,declining,0.28737009069156616
E,0.97,reference,0.21806537534740741
E,0.97,sustained,0.505474461933443
E,0.97,declining,0.2883465923101745
E,0.98,reference,0.21806537534740741
E,0.98,sustained,0.5101021396095242
E,0.98,declining,0.2893263130255429
E,0.99,reference,0.21806537534740741
E,0.99,sustained,0.5147713292810611
E,0.99,declining,0.29030926312780153
E,1.0,reference,0.21806537534740741
E,1.0,sustained,0.5194823956598735
E,1.0,declining,0.29129545293896164
q,0.9,reference,0.21806537534740741
q,0.9,sustained,0.5194823956598735
q,0.9,declining,0.24894048740669916
q,0.901,reference,0.21806537534740741
q,0.901,sustained,0.5194823956598735
q,0.901,declining,0.24938923317585124
q,0.902,reference,0.21806537534740741
q,0.902,sustained,0.5194823956598735
q,0.902,declining,0.24984719279240128
q,0.903,reference,0.21806537534740741
q,0.903,sustained,0.5194823956598735
q,0.903,declining,0.2503146313955318
q,0.904,reference,0.21806537534740741
q,0.904,sustained,0.5194823956598735
q,0.904,declining,0.2507918235487583
q,0.905,reference,0.21806537534740741
q,0.905,sustained,0.5194823956598735
q,0.905,declining,0.25127905363034436
q,0.906,reference,0.21806537534740741
q,0.906,sustained,0.5194823956598735
q,0.906,declining,0.251776616242128
q,0.907,reference,0.21806537534740741
q,0.907,sustained,0.5194823956598735
q,0.907,declining,0.2522848166377306
q,0.908,reference,0.21806537534740741
q,0.908,sustained,0.5194823956598735
q,0.908,declining,0.2528039711711952
q,0.909,reference,0.21806537534740741
q,0.909,sustained,0.5194823956598735
q,0.909,declining,0.25333440776715593
q,0.91,reference,0.21806537534740741
q,0.91,sustained,0.5194823956598735
q,0.91,declining,0.25387646641370376
q,0.911,reference,0.21806537534740741
q,0.911,sustained,0.5194823956598735
q,0.911,declining,0.2544304996791977
q,0.912,reference,0.21806537534740741
q,0.912,sustained,0.5194823956598735
q,0.912,declining,0.25499687325433357
q,0.913,reference,0.21806537534740741
q,0.913,sustained,0.5194823956598735
q,0.913,declining,0.25557596652087006
q,0.914,reference,0.21806537534740741
q,0.914,sustained,0.5194823956598735
q,0.914,declining,0.25616817314850754
q,0.915,reference,0.21806537534740741
q,0.915,sustained,0.5194823956598735
q,0.915,declining,0.25677390172149395
q,0.916,reference,0.21806537534740741
q,0.916,sustained,0.5194823956598735
q,0.916,declining,0.2573935763966416
q,0.917,reference,0.21806537534740741
q,0.917,sustained,0.5194823956598735
q,0.917,declining,0.25802763759454656
q,0.918,reference,0.21806537534740741
q,0.918,sustained,0.5194823956598735
q,0.918,declining,0.25867654272591717
q,0.919,reference,0.21806537534740741
q,0.919,sustained,0.5194823956598735
q,0.919,declining,0.2593407669550382
q,0.92,reference,0.21806537534740741
q,0.92,sustained,0.5194823956598735
q,0.92,declining,0.2600208040025315
q,0.921,reference,0.21806537534740741
q,0.921,sustained,0.5194823956598735
q,0.921,declining,0.26071716698972275
q,0.922,reference,0.21806537534740741
q,0.922,sustained,0.5194823956598735
q,0.922,declining,0.2614303893270653
q,0.923,reference,0.21806537534740741
q,0.923,sustained,0.5194823956598735
q,0.923,declining,0.26216102564924976
q,0.924,reference,0.21806537534740741
q,0.924,sustained,0.5194823956598735
q,0.924,declining,0.262909652799788
q,0.925,reference,0.21806537534740741
q,0.925,sustained,0.5194823956598735
q,0.925,declining,0.26367687086807234
q,0.926,reference,0.21806537534740741
q,0.926,sustained,0.5194823956598735
q,0.926,declining,0.26446330428209075
q,0.927,reference,0.21806537534740741
q,0.927,sustained,0.5194823956598735
q,0.927,declining,0.2652696029602196
q,0.928,reference,0.21806537534740741
q,0.928,sustained,0.5194823956598735
q,0.928,declining,0.26609644352573797
q,0.929,reference,0.21806537534740741
q,0.929,sustained,0.5194823956598735
q,0.929,declining,0.26694453058797246
q,0.93,reference,0.21806537534740741
q,0.93,sustained,0.5194823956598735
q,0.93,declining,0.2678145980942519
q,0.931,reference,0.21806537534740741
q,0.931,sustained,0.5194823956598735
q,0.931,declining,0.26870741075715004
q,0.932,reference,0.21806537534740741
q,0.932,sustained,0.5194823956598735
q,0.932,declining,0.2696237655618125
q,0.933,reference,0.21806537534740741
q,0.933,sustained,0.5194823956598735
q,0.933,declining,0.2705644933585185
q,0.934,reference,0.21806537534740741
q,0.934,sustained,0.5194823956598735
q,0.934,declining,0.27153046054598884
q,0.935,reference,0.21806537534740741
q,0.935,sustained,0.5194823956598735
q,0.935,declining,0.27252257085137177
q,0.936,reference,0.21806537534740741
q,0.936,sustained,0.5194823956598735
q,0.936,declining,0.27354176721326234
q,0.937,reference,0.21806537534740741
q,0.937,sustained,0.5194823956598735
q,0.937,declining,0.27458903377459587
q,0.9380000000000001,reference,0.21806537534740741
q,0.9380000000000001,sustained,0.5194823956598735
q,0.9380000000000001,declining,0.2756653979927593
q,0.9390000000000001,reference,0.21806537534740741
q,0.9390000000000001,sustained,0.5194823956598735
q,0.9390000000000001,declining,0.27677193287482965
q,0.9400000000000001,reference,0.21806537534740741
q,0.9400000000000001,sustained,0.5194823956598735
q,0.9400000000000001,declining,0.27790975934644735
q,0.9410000000000001,reference,0.21806537534740741
q,0.9410000000000001,sustained,0.5194823956598735
q,0.9410000000000001,declining,0.27908004876348363
q,0.9420000000000001,reference,0.21806537534740741
q,0.9420000000000001,sustained,0.5194823956598735
q,0.9420000000000001,declining,0.28028402557638155
q,0.9430000000000001,reference,0.21806537534740741
q,0.9430000000000001,sustained,0.5194823956598735
q,0.9430000000000001,declining,0.28152297015780914
q,0.944,reference,0.21806537534740741
q,0.944,sustained,0.5194823956598735
q,0.944,declining,0.2827982218051141
q,0.9450000000000001,reference,0.21806537534740741
q,0.9450000000000001,sustained,0.5194823956598735
q,0.9450000000000001,declining,0.2841111819299721
q,0.946,reference,0.21806537534740741
q,0.946,sustained,0.5194823956598735
q,0.946,declining,0.28546331744862385
q,0.9470000000000001,reference,0.21806537534740741
q,0.9470000000000001,sustained,0.5194823956598735
q,0.9470000000000001,declining,0.28685616438716954
q,0.948,reference,0.21806537534740741
q,0.948,sustained,0.5194823956598735
q,0.948,declining,0.2882913317175695
q,0.9490000000000001,reference,0.21806537534740741
q,0.9490000000000001,sustained,0.5194823956598735
q,0.9490000000000001,declining,0.28977050544129596
q,0.95,reference,0.21806537534740741
q,0.95,sustained,0.5194823956598735
q,0.95,declining,0.29129545293896164
q,0.9510000000000001,reference,0.21806537534740741
q,0.9510000000000001,sustained,0.5194823956598735
q,0.9510000000000001,declining,0.2928680276058128
q,0.952,reference,0.21806537534740741
q,0.952,sustained,0.5194823956598735
q,0.952,declining,0.29449017379461956
q,0.9530000000000001,reference,0.21806537534740741
q,0.9530000000000001,sustained,0.5194823956598735
q,0.9530000000000001,declining,0.2961639320893474
q,0.954,reference,0.21806537534740741
q,0.954,sustained,0.5194823956598735
q,0.954,declining,0.29789144493498615
q,0.9550000000000001,reference,0.21806537534740741
q,0.9550000000000001,sustained,0.5194823956598735
q,0.9550000000000001,declining,0.2996749626511187
q,0.956,reference,0.21806537534740741
q,0.956,sustained,0.5194823956598735
q,0.956,declining,0.30151684985919347
q,0.957,reference,0.21806537534740741
q,0.957,sustained,0.5194823956598735
q,0.957,declining,0.30341959235613064
q,0.958,reference,0.21806537534740741
q,0.958,sustained,0.5194823956598735
q,0.958,declining,0.30538580446976604
q,0.959,reference,0.21806537534740741
q,0.959,sustained,0.5194823956598735
q,0.959,declining,0.30741823693481574
q,0.96,reference,0.21806537534740741
q,0.96,sustained,0.5194823956598735
q,0.96,declining,0.30951978533155183
q,0.961,reference,0.21806537534740741
q,0.961,sustained,0.5194823956598735
q,0.961,declining,0.31169349913320765
q,0.962,reference,0.21806537534740741
q,0.962,sustained,0.5194823956598735
q,0.962,declining,0.31394259141237235
q,0.963,reference,0.21806537534740741
q,0.963,sustained,0.5194823956598735
q,0.963,declining,0.31627044926128833
q,0.964,reference,0.21806537534740741
q,0.964,sustained,0.5194823956598735
q,0.964,declining,0.31868064498611226
q,0.965,reference,0.21806537534740741
q,0.965,sustained,0.5194823956598735
q,0.965,declining,0.32117694814087056
q,0.966,reference,0.21806537534740741
q,0.966,sustained,0.5194823956598735
q,0.966,declining,0.32376333847310185
q,0.967,reference,0.21806537534740741
q,0.967,sustained,0.5194823956598735
q,0.967,declining,0.3264440198601124
q,0.968,reference,0.21806537534740741
q,0.968,sustained,0.5194823956598735
q,0.968,declining,0.3292234353224262
q,0.969,reference,0.21806537534740741
q,0.969,sustained,0.5194823956598735
q,0.969,declining,0.33210628320950325
q,0.97,reference,0.21806537534740741
q,0.97,sustained,0.5194823956598735
q,0.97,declining,0.33509753466219944
q,0.971,reference,0.21806537534740741
q,0.971,sustained,0.5194823956598735
q,0.971,declining,0.33820245246687775
q,0.972,reference,0.21806537534740741
q,0.972,sustained,0.5194823956598735
q,0.972,declining,0.3414266114276668
q,0.973,reference,0.21806537534740741
q,0.973,sustained,0.5194823956598735
q,0.973,declining,0.34477592039622723
q,0.974,reference,0.21806537534740741
q,0.974,sustained,0.5194823956598735
q,0.974,declining,0.3482566461127282
q,0.975,reference,0.21806537534740741
q,0.975,sustained,0.5194823956598735
q,0.975,declining,0.35187543902765844
q,0.976,reference,0.21806537534740741
q,0.976,sustained,0.5194823956598735
q,0.976,declining,0.35563936129189344
q,0.977,reference,0.21806537534740741
q,0.977,sustained,0.5194823956598735
q,0.977,declining,0.35955591712225643
q,0.978,reference,0.21806537534740741
q,0.978,sustained,0.5194823956598735
q,0.978,declining,0.36363308577195885
q,0.979,reference,0.21806537534740741
q,0.979,sustained,0.5194823956598735
q,0.979,declining,0.3678793573600699
q,0.98,reference,0.21806537534740741
q,0.98,sustained,0.5194823956598735
q,0.98,declining,0.37230377184185637
q,0.981,reference,0.21806537534740741
q,0.981,sustained,0.5194823956598735
q,0.981,declining,0.37691596143288386
q,0.982,reference,0.21806537534740741
q,0.982,sustained,0.5194823956598735
q,0.982,declining,0.381726196834556
q,0.983,reference,0.21806537534740741
q,0.983,sustained,0.5194823956598735
q,0.983,declining,0.3867454376478616
q,0.984,reference,0.21806537534740741
q,0.984,sustained,0.5194823956598735
q,0.984,declining,0.39198538740598965
q,0.985,reference,0.21806537534740741
q,0.985,sustained,0.5194823956598735
q,0.985,declining,0.3974585537058906
q,0.986,reference,0.21806537534740741
q,0.986,sustained,0.5194823956598735
q,0.986,declining,0.4031783139745068
q,0.987,reference,0.21806537534740741
q,0.987,sustained,0.5194823956598735
q,0.987,declining,0.4091589874681559
q,0.988,reference,0.21806537534740741
q,0.988,sustained,0.5194823956598735
q,0.988,declining,0.41541591417439155
q,0.989,reference,0.21806537534740741
q,0.989,sustained,0.5194823956598735
q,0.989,declining,0.4219655413657639
q,0.99,reference,0.21806537534740741
q,0.99,sustained,0.5194823956598735
q,0.99,declining,0.42882551864553836
q,0.991,reference,0.21806537534740741
q,0.991,sustained,0.5194823956598735
q,0.991,declining,0.4360148024281153
q,0.992,reference,0.21806537534740741
q,0.992,sustained,0.5194823956598735
q,0.992,declining,0.44355377091343073
q,0.993,reference,0.21806537534740741
q,0.993,sustained,0.5194823956598735
q,0.993,declining,0.45146435074695307
q,0.994,reference,0.21806537534740741
q,0.994,sustained,0.5194823956598735
q,0.994,declining,0.45977015670744714
q,0.995,reference,0.21806537534740741
q,0.995,sustained,0.5194823956598735
q,0.995,declining,0.46849664593612095
q,0.996,reference,0.21806537534740741
q,0.996,sustained,0.5194823956598735
q,0.996,declining,0.4776712884163106
q,0.997,reference,0.21806537534740741
q,0.997,sustained,0.5194823956598735
q,0.997,declining,0.4873237556361363
q,0.998,reference,0.21806537534740741
q,0.998,sustained,0.5194823956598735
q,0.998,declining,0.49748612962190913
q,0.999,reference,0.21806537534740741
q,0.999,sustained,0.5194823956598735
q,0.999,declining,0.5081931348224618
q,1.0,reference,0.21806537534740741
q,1.0,sustained,0.5194823956598735
q,1.0,declining,0.5194823956598735
