E,case,cycle,P
1.0,reference,0,1.0
1.0,reference,1,0.97
1.0,reference,2,0.9409
1.0,reference,3,0.912673
1.0,reference,4,0.8852928099999999
1.0,reference,5,0.8587340256999999
1.0,reference,6,0.8329720049289999
1.0,reference,7,0.8079828447811299
1.0,reference,8,0.783743359437696
1.0,reference,9,0.7602310586545651
1.0,reference,10,0.7374241268949281
1.0,reference,11,0.7153014030880802
1.0,reference,12,0.6938423609954378
1.0,reference,13,0.6730270901655747
1.0,reference,14,0.6528362774606075
1.0,reference,15,0.6332511891367892
1.0,reference,16,0.6142536534626856
1.0,reference,17,0.595826043858805
1.0,reference,18,0.5779512625430409
1.0,reference,19,0.5606127246667496
1.0,reference,20,0.5437943429267471
1.0,reference,21,0.5274805126389447
1.0,reference,22,0.5116560972597763
1.0,reference,23,0.496306414341983
1.0,reference,24,0.48141722191172354
1.0,reference,25,0.4669747052543718
1.0,reference,26,0.4529654640967406
1.0,reference,27,0.4393765001738384
1.0,reference,28,0.42619520516862325
1.0,reference,29,0.4134093490135645
1.0,reference,30,0.4010070685431576
1.0,reference,31,0.38897685648686287
1.0,reference,32,0.377307550792257
1.0,reference,33,0.36598832426848926
1.0,reference,34,0.35500867454043455
1.0,reference,35,0.3443584143042215
1.0,reference,36,0.3340276618750948
1.0,reference,37,0.32400683201884195
1.0,reference,38,0.3142866270582767
1.0,reference,39,0.3048580282465284
1.0,reference,40,0.2957122873991326
1.0,reference,41,0.2868409187771586
1.0,reference,42,0.27823569121384384
1.0,reference,43,0.2698886204774285
1.0,reference,44,0.26179196186310566
1.0,reference,45,0.2539382030072125
1.0,reference,46,0.2463200569169961
1.0,reference,47,0.23893045520948622
1.0,reference,48,0.23176254155320164
1.0,reference,49,0.2248096653066056
1.0,reference,50,0.21806537534740741
1.0,sustained,0,0.95
1.0,sustained,1,0.9386
1.0,sustained,2,0.9273368
1.0,sustained,3,0.9162087583999999
1.0,sustained,4,0.9052142532991999
1.0,sustained,5,0.8943516822596095
1.0,sustained,6,0.8836194620724942
1.0,sustained,7,0.8730160285276243
1.0,sustained,8,0.8625398361852927
1.0,sustained,9,0.8521893581510692
1.0,sustained,10,0.8419630858532564
1.0,sustained,11,0.8318595288230173
1.0,sustained,12,0.8218772144771411
1.0,sustained,13,0.8120146879034155
1.0,sustained,14,0.8022705116485744
1.0,sustained,15,0.7926432655087915
1.0,sustained,16,0.783131546322686
1.0,sustained,17,0.7737339677668138
1.0,sustained,18,0.7644491601536121
1.0,sustained,19,0.7552757702317687
1.0,sustained,20,0.7462124609889875
1.0,sustained,21,0.7372579114571196
1.0,sustained,22,0.7284108165196341
1.0,sustained,23,0.7196698867213985
1.0,sustained,24,0.7110338480807418
1.0,sustained,25,0.7025014419037728
1.0,sustained,26,0.6940714246009275
1.0,sustained,27,0.6857425675057164
1.0,sustained,28,0.6775136566956478
1.0,sustained,29,0.6693834928153
1.0,sustained,30,0.6613508909015163
1.0,sustained,31,0.6534146802106982
1.0,sustained,32,0.6455737040481697
1.0,sustained,33,0.6378268195995916
1.0,sustained,34,0.6301728977643966
1.0,sustained,35,0.6226108229912238
1.0,sustained,36,0.6151394931153291
1.0,sustained,37,0.6077578191979451
1.0,sustained,38,0.6004647253675698
1.0,sustained,39,0.593259148663159
1.0,sustained,40,0.5861400388792011
1.0,sustained,41,0.5791063584126507
1.0,sustained,42,0.5721570821116989
1.0,sustained,43,0.5652911971263586
1.0,sustained,44,0.5585077027608423
1.0,sustained,45,0.5518056103277121
1.0,sustained,46,0.5451839430037796
1.0,sustained,47,0.5386417356877342
1.0,sustained,48,0.5321780348594813
1.0,sustained,49,0.5257918984411676
1.0,sustained,50,0.5194823956598735
1.0,declining,0,0.95
1.0,declining,1,0.9386
1.0,declining,2,0.92649206
1.0,declining,3,0.9137481617147
1.0,declining,4,0.9004373638059615
1.0,declining,5,0.8866256563817453
1.0,declining,6,0.8723758592592121
1.0,declining,7,0.8577475590363681
1.0,declining,8,0.8427970802652295
1.0,declining,9,0.8275774863018895
1.0,declining,10,0.8121386057132094
1.0,declining,11,0.79652708043621
1.0,declining,12,0.7807864322064744
1.0,declining,13,0.7649571440894322
1.0,declining,14,0.7490767542581446
1.0,declining,15,0.7331799594591981
1.0,declining,16,0.7172987258916561
1.0,declining,17,0.7014624054906937
1.0,declining,18,0.6856978558562664
1.0,declining,19,0.6700295622972582
1.0,declining,20,0.6544797606728249
1.0,declining,21,0.6390685599052854
1.0,declining,22,0.6238140632134039
1.0,declining,23,0.6087324872719677
1.0,declining,24,0.5938382786440755
1.0,declining,25,0.5791442269574866
1.0,declining,26,0.5646615744068127
1.0,declining,27,0.5504001212603278
1.0,declining,28,0.536368327134837
1.0,declining,29,0.5225734078754495
1.0,declining,30,0.509021427940286
1.0,declining,31,0.4957173882441217
1.0,declining,32,0.48266530946066744
1.0,declining,33,0.4698683108215079
1.0,declining,34,0.4573286844814787
1.0,declining,35,0.4450479655462334
1.0,declining,36,0.4330269978786313
1.0,declining,37,0.42126599581700547
1.0,declining,38,0.4097646019509278
1.0,declining,39,0.39852194110930145
1.0,declining,40,0.38753667072194703
1.0,declining,41,0.3768070277197343
1.0,declining,42,0.3663308721401159
1.0,declining,43,0.3561057276049808
1.0,declining,44,0.3461288188363517
1.0,declining,45,0.3363971063728644
1.0,declining,46,0.3269073186464122
1.0,declining,47,0.31765598157400926
1.0,declining,48,0.30863944581499636
1.0,declining,49,0.2998539118383279
1.0,declining,50,0.29129545293896164
0.5,reference,0,1.0
0.5,reference,1,0.97
0.5,reference,2,0.9409
0.5,reference,3,0.912673
0.5,reference,4,0.8852928099999999
0.5,reference,5,0.8587340256999999
0.5,reference,6,0.8329720049289999
0.5,reference,7,0.8079828447811299
0.5,reference,8,0.783743359437696
0.5,reference,9,0.7602310586545651
0.5,reference,10,0.7374241268949281
0.5,reference,11,0.7153014030880802
0.5,reference,12,0.6938423609954378
0.5,reference,13,0.6730270901655747
0.5,reference,14,0.6528362774606075
0.5,reference,15,0.6332511891367892
0.5,reference,16,0.6142536534626856
0.5,reference,17,0.595826043858805
0.5,reference,18,0.5779512625430409
0.5,reference,19,0.5606127246667496
0.5,reference,20,0.5437943429267471
0.5,reference,21,0.5274805126389447
0.5,reference,22,0.5116560972597763
0.5,reference,23,0.496306414341983
0.5,reference,24,0.48141722191172354
0.5,reference,25,0.4669747052543718
0.5,reference,26,0.4529654640967406
0.5,reference,27,0.4393765001738384
0.5,reference,28,0.42619520516862325
0.5,reference,29,0.4134093490135645
0.5,reference,30,0.4010070685431576
0.5,reference,31,0.38897685648686287
0.5,reference,32,0.377307550792257
0.5,reference,33,0.36598832426848926
0.5,reference,34,0.35500867454043455
0.5,reference,35,0.3443584143042215
0.5,reference,36,0.3340276618750948
0.5,reference,37,0.32400683201884195
0.5,reference,38,0.3142866270582767
0.5,reference,39,0.3048580282465284
0.5,reference,40,0.2957122873991326
0.5,reference,41,0.2868409187771586
0.5,reference,42,0.27823569121384384
0.5,reference,43,0.2698886204774285
0.5,reference,44,0.26179196186310566
0.5,reference,45,0.2539382030072125
0.5,reference,46,0.2463200569169961
0.5,reference,47,0.23893045520948622
0.5,reference,48,0.23176254155320164
0.5,reference,49,0.2248096653066056
0.5,reference,50,0.21806537534740741
0.5,sustained,0,0.95
0.5,sustained,1,0.9300499999999999
0.5,sustained,2,0.9105189499999999
0.5,sustained,3,0.8913980520499999
0.5,sustained,4,0.8726786929569499
0.5,sustained,5,0.8543524404048539
0.5,sustained,6,0.836411039156352
0.5,sustained,7,0.8188464073340685
0.5,sustained,8,0.8016506327800531
0.5,sustained,9,0.784815969491672
0.5,sustained,10,0.7683348341323468
0.5,sustained,11,0.7521998026155675
0.5,sustained,12,0.7364036067606405
0.5,sustained,13,0.720939131018667
0.5,sustained,14,0.705799409267275
0.5,sustained,15,0.6909776216726623
0.5,sustained,16,0.6764670916175364
0.5,sustained,17,0.6622612826935681
0.5,sustained,18,0.6483537957570031
0.5,sustained,19,0.6347383660461061
0.5,sustained,20,0.6214088603591379
0.5,sustained,21,0.608359274291596
0.5,sustained,22,0.5955837295314724
0.5,sustained,23,0.5830764712113116
0.5,sustained,24,0.570831865315874
0.5,sustained,25,0.5588443961442406
0.5,sustained,26,0.5471086638252115
0.5,sustained,27,0.535619381884882
0.5,sustained,28,0.5243713748652995
0.5,sustained,29,0.5133595759931282
0.5,sustained,30,0.5025790248972725
0.5,sustained,31,0.49202486537442974
0.5,sustained,32,0.48169234320156673
0.5,sustained,33,0.4715768039943338
0.5,sustained,34,0.4616736911104528
0.5,sustained,35,0.4519785435971333
0.5,sustained,36,0.4424869941815935
0.5,sustained,37,0.43319476730378004
0.5,sustained,38,0.42409767719040065
0.5,sustained,39,0.41519162596940223
0.5,sustained,40,0.40647260182404477
0.5,sustained,41,0.39793667718573983
0.5,sustained,42,0.3895800069648393
0.5,sustained,43,0.3813988268185777
0.5,sustained,44,0.37338945145538754
0.5,sustained,45,0.3655482729748244
0.5,sustained,46,0.3578717592423531
0.5,sustained,47,0.3503564522982637
0.5,sustained,48,0.34299896680000014
0.5,sustained,49,0.3357959884972001
0.5,sustained,50,0.3287442727387589
0.5,declining,0,0.95
0.5,declining,1,0.9300499999999999
0.5,declining,2,0.9101004274999999
0.5,declining,3,0.8901897053973686
0.5,declining,4,0.8703530518234331
0.5,declining,5,0.850622632272481
0.5,declining,6,0.8310277135050332
0.5,declining,7,0.8115948176976219
0.5,declining,8,0.7923478755413251
0.5,declining,9,0.7733083771989887
0.5,declining,10,0.7544955202174018
0.5,declining,11,0.7359263536568761
0.5,declining,12,0.7176159178479882
0.5,declining,13,0.6995773793150365
0.5,declining,14,0.6818221605194006
0.5,declining,15,0.6643600641748448
0.5,declining,16,0.6471993919722047
0.5,declining,17,0.6303470576241181
0.5,declining,18,0.6138086942027385
0.5,declining,19,0.5975887557958396
0.5,declining,20,0.5816906135504717
0.5,declining,21,0.5661166462093529
0.5,declining,22,0.5508683252743887
0.5,declining,23,0.5359462949549648
0.5,declining,24,0.5213504470766915
0.5,declining,25,0.5070799911398153
0.5,declining,26,0.4931335197261489
0.5,declining,27,0.4795090694596866
0.5,declining,28,0.4662041777295502
0.5,declining,29,0.45321593538500565
0.5,declining,30,0.44054103561138447
0.5,declining,31,0.42817581919319087
0.5,declining,32,0.4161163163667702
0.5,declining,33,0.40435828545992436
0.5,declining,34,0.3928972485100141
0.5,declining,35,0.38172852404558494
0.5,declining,36,0.3708472572095602
0.5,declining,37,0.3602484473947134
0.5,declining,38,0.34992697355457814
0.5,declining,39,0.3398776173452884
0.5,declining,40,0.33009508424615
0.5,declining,41,0.3205740227990976
0.5,declining,42,0.3113090420996487
0.5,declining,43,0.3022947276645807
0.5,declining,44,0.2935256557943588
0.5,declining,45,0.2849964065413706
0.5,declining,46,0.2767015753882913
0.5,declining,47,0.26863578373443625
0.5,declining,48,0.26079368828175986
0.5,declining,49,0.2531699894062428
0.5,declining,50,0.24575943859477237
